{"Version":2,"SourceFileDate":132618285621929469,"Flags":["FL_BITMAP_COMPRESSION","FL_BITMAP_MIPMAP","FL_BITMAP_QUALITY_HIGH","FL_BITMAP_PRECOMPUTED_INV_AVG"],"InvAvgColor":[1.6560180187225342,1.7674151659011841,2.7021934986114502],"HasTransp":true}