{"Version":2,"SourceFileDate":132618285553436850,"Flags":["FL_BITMAP_COMPRESSION","FL_BITMAP_MIPMAP","FL_BITMAP_QUALITY_HIGH","FL_BITMAP_PRECOMPUTED_INV_AVG"],"InvAvgColor":[1.6390880346298218,1.7500342130661011,2.6842563152313232],"HasTransp":true}