{"Version":2,"SourceFileDate":132618285756190748,"Flags":["FL_BITMAP_COMPRESSION","FL_BITMAP_MIPMAP","FL_BITMAP_QUALITY_HIGH","FL_BITMAP_PRECOMPUTED_INV_AVG"],"InvAvgColor":[1.6781054735183716,1.7900880575180054,2.7254137992858887],"HasTransp":true}