{"Version":2,"SourceFileDate":132618285911998192,"Flags":["FL_BITMAP_COMPRESSION","FL_BITMAP_MIPMAP","FL_BITMAP_QUALITY_HIGH","FL_BITMAP_PRECOMPUTED_INV_AVG"],"InvAvgColor":[1.6535054445266724,1.7648259401321411,2.6994688510894775],"HasTransp":true}