{"Version":2,"SourceFileDate":132618294874716884,"Flags":["FL_BITMAP_COMPRESSION","FL_BITMAP_MIPMAP","FL_BITMAP_QUALITY_HIGH","FL_BITMAP_PRECOMPUTED_INV_AVG"],"InvAvgColor":[1.6756309270858765,1.7875224351882935,2.722611665725708],"HasTransp":true}