{"Version":2,"SourceFileDate":132618285323910601,"Flags":["FL_BITMAP_COMPRESSION","FL_BITMAP_MIPMAP","FL_BITMAP_QUALITY_HIGH","FL_BITMAP_PRECOMPUTED_INV_AVG"],"InvAvgColor":[1.5829849243164063,1.6922787427902222,2.6238422393798828],"HasTransp":true}