{"Version":2,"SourceFileDate":132618285497677323,"Flags":["FL_BITMAP_COMPRESSION","FL_BITMAP_MIPMAP","FL_BITMAP_QUALITY_HIGH","FL_BITMAP_PRECOMPUTED_INV_AVG"],"InvAvgColor":[1.6266391277313232,1.7372170686721802,2.6709964275360107],"HasTransp":true}