{"Version":2,"SourceFileDate":132618285679742031,"Flags":["FL_BITMAP_COMPRESSION","FL_BITMAP_MIPMAP","FL_BITMAP_QUALITY_HIGH","FL_BITMAP_PRECOMPUTED_INV_AVG"],"InvAvgColor":[1.5885117053985596,1.6979684829711914,2.6298348903656006],"HasTransp":true}