{"Version":2,"SourceFileDate":132618285382392220,"Flags":["FL_BITMAP_COMPRESSION","FL_BITMAP_MIPMAP","FL_BITMAP_QUALITY_HIGH","FL_BITMAP_PRECOMPUTED_INV_AVG"],"InvAvgColor":[1.6242746114730835,1.7347903251647949,2.6684541702270508],"HasTransp":true}