{"Version":2,"SourceFileDate":132618285443207225,"Flags":["FL_BITMAP_COMPRESSION","FL_BITMAP_MIPMAP","FL_BITMAP_QUALITY_HIGH","FL_BITMAP_PRECOMPUTED_INV_AVG"],"InvAvgColor":[1.6234017610549927,1.7338910102844238,2.6674840450286865],"HasTransp":true}