{"Version":2,"SourceFileDate":132618285820721575,"Flags":["FL_BITMAP_COMPRESSION","FL_BITMAP_MIPMAP","FL_BITMAP_QUALITY_HIGH","FL_BITMAP_PRECOMPUTED_INV_AVG"],"InvAvgColor":[1.6557269096374512,1.7671146392822266,2.7018749713897705],"HasTransp":true}